ACAD9	branchpoint	4974756
ACAD9	clinrep	4979533
ACAD9	filter	4974759
ACAD9	filter	4979530
ACAD9	merge	4974757
ACAD9	pangolin	4974754
ACAD9	plot	4974760
ACAD9	plot	4979531
ACAD9	report	4974761
ACAD9	report	4979532
ACAD9	spip	4974752
ACAD9	spliceai	4974755
ACAD9	varconv	4974751
ACAD9	vcf2parsed	4974758
ACAD9	vep	4974753
ACADVL	branchpoint	4974767
ACADVL	clinrep	4979537
ACADVL	filter	4974770
ACADVL	filter	4979534
ACADVL	merge	4974768
ACADVL	pangolin	4974765
ACADVL	plot	4974771
ACADVL	plot	4979535
ACADVL	report	4974772
ACADVL	report	4979536
ACADVL	spip	4974763
ACADVL	spliceai	4974766
ACADVL	varconv	4974762
ACADVL	vcf2parsed	4974769
ACADVL	vep	4974764
ACTA1	branchpoint	4974778
ACTA1	clinrep	4979541
ACTA1	filter	4974781
ACTA1	filter	4979538
ACTA1	merge	4974779
ACTA1	pangolin	4974776
ACTA1	plot	4974782
ACTA1	plot	4979539
ACTA1	report	4974783
ACTA1	report	4979540
ACTA1	spip	4974774
ACTA1	spliceai	4974777
ACTA1	varconv	4974773
ACTA1	vcf2parsed	4974780
ACTA1	vep	4974775
ACTA2	branchpoint	4974789
ACTA2	clinrep	4979545
ACTA2	filter	4974792
ACTA2	filter	4979542
ACTA2	merge	4974790
ACTA2	pangolin	4974787
ACTA2	plot	4974793
ACTA2	plot	4979543
ACTA2	report	4974794
ACTA2	report	4979544
ACTA2	spip	4974785
ACTA2	spliceai	4974788
ACTA2	varconv	4974784
ACTA2	vcf2parsed	4974791
ACTA2	vep	4974786
ACTC1	branchpoint	4974800
ACTC1	clinrep	4979549
ACTC1	filter	4974803
ACTC1	filter	4979546
ACTC1	merge	4974801
ACTC1	pangolin	4974798
ACTC1	plot	4974804
ACTC1	plot	4979547
ACTC1	report	4974805
ACTC1	report	4979548
ACTC1	spip	4974796
ACTC1	spliceai	4974799
ACTC1	varconv	4974795
ACTC1	vcf2parsed	4974802
ACTC1	vep	4974797
AGK	branchpoint	4974811
AGK	clinrep	4979555
AGK	filter	4979552
AGK	merge	4979550
AGK	pangolin	4974809
AGK	plot	4979553
AGK	report	4979554
AGK	spip	4974807
AGK	spliceai	4974810
AGK	varconv	4974806
AGK	vcf2parsed	4979551
AGK	vep	4974808
AGPAT2	branchpoint	4974822
AGPAT2	clinrep	4979559
AGPAT2	filter	4974825
AGPAT2	filter	4979556
AGPAT2	merge	4974823
AGPAT2	pangolin	4974820
AGPAT2	plot	4974826
AGPAT2	plot	4979557
AGPAT2	report	4974827
AGPAT2	report	4979558
AGPAT2	spip	4974818
AGPAT2	spliceai	4974821
AGPAT2	varconv	4974817
AGPAT2	vcf2parsed	4974824
AGPAT2	vep	4974819
AKT1	branchpoint	4974833
AKT1	clinrep	4979563
AKT1	filter	4974836
AKT1	filter	4979560
AKT1	merge	4974834
AKT1	pangolin	4974831
AKT1	plot	4974837
AKT1	plot	4979561
AKT1	report	4974838
AKT1	report	4979562
AKT1	spip	4974829
AKT1	spliceai	4974832
AKT1	varconv	4974828
AKT1	vcf2parsed	4974835
AKT1	vep	4974830
ALPK3	branchpoint	4974844
ALPK3	clinrep	4979567
ALPK3	filter	4974847
ALPK3	filter	4979564
ALPK3	merge	4974845
ALPK3	pangolin	4974842
ALPK3	plot	4974848
ALPK3	plot	4979565
ALPK3	report	4974849
ALPK3	report	4979566
ALPK3	spip	4974840
ALPK3	spliceai	4974843
ALPK3	varconv	4974839
ALPK3	vcf2parsed	4974846
ALPK3	vep	4974841
ANKRD1	branchpoint	4974855
ANKRD1	clinrep	4979571
ANKRD1	filter	4974858
ANKRD1	filter	4979568
ANKRD1	merge	4974856
ANKRD1	pangolin	4974853
ANKRD1	plot	4974859
ANKRD1	plot	4979569
ANKRD1	report	4974860
ANKRD1	report	4979570
ANKRD1	spip	4974851
ANKRD1	spliceai	4974854
ANKRD1	varconv	4974850
ANKRD1	vcf2parsed	4974857
ANKRD1	vep	4974852
ATP5F1E	branchpoint	4974866
ATP5F1E	clinrep	4979577
ATP5F1E	filter	4979574
ATP5F1E	merge	4979572
ATP5F1E	pangolin	4974864
ATP5F1E	plot	4979575
ATP5F1E	report	4979576
ATP5F1E	spip	4974862
ATP5F1E	spliceai	4974865
ATP5F1E	varconv	4974861
ATP5F1E	vcf2parsed	4979573
ATP5F1E	vep	4974863
ATPAF2	branchpoint	4974877
ATPAF2	clinrep	4979583
ATPAF2	filter	4979580
ATPAF2	merge	4979578
ATPAF2	pangolin	4974875
ATPAF2	plot	4979581
ATPAF2	report	4979582
ATPAF2	spip	4974873
ATPAF2	spliceai	4974876
ATPAF2	varconv	4974872
ATPAF2	vcf2parsed	4979579
ATPAF2	vep	4974874
BAG3	branchpoint	4974888
BAG3	clinrep	4979587
BAG3	filter	4974891
BAG3	filter	4979584
BAG3	merge	4974889
BAG3	pangolin	4974886
BAG3	plot	4974892
BAG3	plot	4979585
BAG3	report	4974893
BAG3	report	4979586
BAG3	spip	4974884
BAG3	spliceai	4974887
BAG3	varconv	4974883
BAG3	vcf2parsed	4974890
BAG3	vep	4974885
BRAF	branchpoint	4974899
BRAF	clinrep	4979593
BRAF	filter	4979590
BRAF	merge	4979588
BRAF	pangolin	4974897
BRAF	plot	4979591
BRAF	report	4979592
BRAF	spip	4974895
BRAF	spliceai	4974898
BRAF	varconv	4974894
BRAF	vcf2parsed	4979589
BRAF	vep	4974896
BSCL2	branchpoint	4974910
BSCL2	clinrep	4979597
BSCL2	filter	4974913
BSCL2	filter	4979594
BSCL2	merge	4974911
BSCL2	pangolin	4974908
BSCL2	plot	4974914
BSCL2	plot	4979595
BSCL2	report	4974915
BSCL2	report	4979596
BSCL2	spip	4974906
BSCL2	spliceai	4974909
BSCL2	varconv	4974905
BSCL2	vcf2parsed	4974912
BSCL2	vep	4974907
C10ORF71	branchpoint	4974921
C10ORF71	clinrep	4979601
C10ORF71	filter	4974924
C10ORF71	filter	4979598
C10ORF71	merge	4974922
C10ORF71	pangolin	4974919
C10ORF71	plot	4974925
C10ORF71	plot	4979599
C10ORF71	report	4974926
C10ORF71	report	4979600
C10ORF71	spip	4974917
C10ORF71	spliceai	4974920
C10ORF71	varconv	4974916
C10ORF71	vcf2parsed	4974923
C10ORF71	vep	4974918
CACNA1C	branchpoint	4974932
CACNA1C	clinrep	4979607
CACNA1C	filter	4979604
CACNA1C	merge	4979602
CACNA1C	pangolin	4974930
CACNA1C	plot	4979605
CACNA1C	report	4979606
CACNA1C	spip	4974928
CACNA1C	spliceai	4974931
CACNA1C	varconv	4974927
CACNA1C	vcf2parsed	4979603
CACNA1C	vep	4974929
CALR	branchpoint	4974943
CALR	clinrep	4979611
CALR	filter	4974946
CALR	filter	4979608
CALR	merge	4974944
CALR	pangolin	4974941
CALR	plot	4974947
CALR	plot	4979609
CALR	report	4974948
CALR	report	4979610
CALR	spip	4974939
CALR	spliceai	4974942
CALR	varconv	4974938
CALR	vcf2parsed	4974945
CALR	vep	4974940
CAV3	branchpoint	4974954
CAV3	clinrep	4979615
CAV3	filter	4974957
CAV3	filter	4979612
CAV3	merge	4974955
CAV3	pangolin	4974952
CAV3	plot	4974958
CAV3	plot	4979613
CAV3	report	4974959
CAV3	report	4979614
CAV3	spip	4974950
CAV3	spliceai	4974953
CAV3	varconv	4974949
CAV3	vcf2parsed	4974956
CAV3	vep	4974951
CAVIN4	branchpoint	4974965
CAVIN4	clinrep	4979619
CAVIN4	filter	4974968
CAVIN4	filter	4979616
CAVIN4	merge	4974966
CAVIN4	pangolin	4974963
CAVIN4	plot	4974969
CAVIN4	plot	4979617
CAVIN4	report	4974970
CAVIN4	report	4979618
CAVIN4	spip	4974961
CAVIN4	spliceai	4974964
CAVIN4	varconv	4974960
CAVIN4	vcf2parsed	4974967
CAVIN4	vep	4974962
COA5	branchpoint	4974976
COA5	clinrep	4979623
COA5	filter	4974979
COA5	filter	4979620
COA5	merge	4974977
COA5	pangolin	4974974
COA5	plot	4974980
COA5	plot	4979621
COA5	report	4974981
COA5	report	4979622
COA5	spip	4974972
COA5	spliceai	4974975
COA5	varconv	4974971
COA5	vcf2parsed	4974978
COA5	vep	4974973
COA6	branchpoint	4974987
COA6	clinrep	4979627
COA6	filter	4974990
COA6	filter	4979624
COA6	merge	4974988
COA6	pangolin	4974985
COA6	plot	4974991
COA6	plot	4979625
COA6	report	4974992
COA6	report	4979626
COA6	spip	4974983
COA6	spliceai	4974986
COA6	varconv	4974982
COA6	vcf2parsed	4974989
COA6	vep	4974984
COQ2	branchpoint	4974998
COQ2	clinrep	4979631
COQ2	filter	4975001
COQ2	filter	4979628
COQ2	merge	4974999
COQ2	pangolin	4974996
COQ2	plot	4975002
COQ2	plot	4979629
COQ2	report	4975003
COQ2	report	4979630
COQ2	spip	4974994
COQ2	spliceai	4974997
COQ2	varconv	4974993
COQ2	vcf2parsed	4975000
COQ2	vep	4974995
COX15	branchpoint	4975009
COX15	clinrep	4979635
COX15	filter	4975012
COX15	filter	4979632
COX15	merge	4975010
COX15	pangolin	4975007
COX15	plot	4975013
COX15	plot	4979633
COX15	report	4975014
COX15	report	4979634
COX15	spip	4975005
COX15	spliceai	4975008
COX15	varconv	4975004
COX15	vcf2parsed	4975011
COX15	vep	4975006
COX6B1	branchpoint	4975020
COX6B1	clinrep	4979639
COX6B1	filter	4975023
COX6B1	filter	4979636
COX6B1	merge	4975021
COX6B1	pangolin	4975018
COX6B1	plot	4975024
COX6B1	plot	4979637
COX6B1	report	4975025
COX6B1	report	4979638
COX6B1	spip	4975016
COX6B1	spliceai	4975019
COX6B1	varconv	4975015
COX6B1	vcf2parsed	4975022
COX6B1	vep	4975017
CRYAB	branchpoint	4975031
CRYAB	clinrep	4979645
CRYAB	filter	4979642
CRYAB	merge	4979640
CRYAB	pangolin	4975029
CRYAB	plot	4979643
CRYAB	report	4979644
CRYAB	spip	4975027
CRYAB	spliceai	4975030
CRYAB	varconv	4975026
CRYAB	vcf2parsed	4979641
CRYAB	vep	4975028
CSRP3	branchpoint	4975042
CSRP3	clinrep	4979649
CSRP3	filter	4975045
CSRP3	filter	4979646
CSRP3	merge	4975043
CSRP3	pangolin	4975040
CSRP3	plot	4975046
CSRP3	plot	4979647
CSRP3	report	4975047
CSRP3	report	4979648
CSRP3	spip	4975038
CSRP3	spliceai	4975041
CSRP3	varconv	4975037
CSRP3	vcf2parsed	4975044
CSRP3	vep	4975039
CTF1	branchpoint	4975053
CTF1	clinrep	4979653
CTF1	filter	4975056
CTF1	filter	4979650
CTF1	merge	4975054
CTF1	pangolin	4975051
CTF1	plot	4975057
CTF1	plot	4979651
CTF1	report	4975058
CTF1	report	4979652
CTF1	spip	4975049
CTF1	spliceai	4975052
CTF1	varconv	4975048
CTF1	vcf2parsed	4975055
CTF1	vep	4975050
CTNNA1	branchpoint	4975064
CTNNA1	clinrep	4979659
CTNNA1	filter	4979656
CTNNA1	merge	4979654
CTNNA1	pangolin	4975062
CTNNA1	plot	4979657
CTNNA1	report	4979658
CTNNA1	spip	4975060
CTNNA1	spliceai	4975063
CTNNA1	varconv	4975059
CTNNA1	vcf2parsed	4979655
CTNNA1	vep	4975061
CTNNB1	branchpoint	4975075
CTNNB1	clinrep	4979665
CTNNB1	filter	4979662
CTNNB1	merge	4979660
CTNNB1	pangolin	4975073
CTNNB1	plot	4979663
CTNNB1	report	4979664
CTNNB1	spip	4975071
CTNNB1	spliceai	4975074
CTNNB1	varconv	4975070
CTNNB1	vcf2parsed	4979661
CTNNB1	vep	4975072
DES	branchpoint	4975086
DES	clinrep	4979669
DES	filter	4975089
DES	filter	4979666
DES	merge	4975087
DES	pangolin	4975084
DES	plot	4975090
DES	plot	4979667
DES	report	4975091
DES	report	4979668
DES	spip	4975082
DES	spliceai	4975085
DES	varconv	4975081
DES	vcf2parsed	4975088
DES	vep	4975083
DLD	branchpoint	4975097
DLD	clinrep	4979673
DLD	filter	4975100
DLD	filter	4979670
DLD	merge	4975098
DLD	pangolin	4975095
DLD	plot	4975101
DLD	plot	4979671
DLD	report	4975102
DLD	report	4979672
DLD	spip	4975093
DLD	spliceai	4975096
DLD	varconv	4975092
DLD	vcf2parsed	4975099
DLD	vep	4975094
DMD	branchpoint	4975108
DMD	clinrep	4979680
DMD	pangolin	4975106
DMD	report	4979679
DMD	spip	4975104
DMD	spliceai	4975107
DMD	varconv	4975103
DMD	vep	4975105
DMD	vep	4979674
DNAJC19	branchpoint	4975119
DNAJC19	clinrep	4979686
DNAJC19	filter	4979683
DNAJC19	merge	4979681
DNAJC19	pangolin	4975117
DNAJC19	plot	4979684
DNAJC19	report	4979685
DNAJC19	spip	4975115
DNAJC19	spliceai	4975118
DNAJC19	varconv	4975114
DNAJC19	vcf2parsed	4979682
DNAJC19	vep	4975116
DOLK	branchpoint	4975130
DOLK	clinrep	4979690
DOLK	filter	4975133
DOLK	filter	4979687
DOLK	merge	4975131
DOLK	pangolin	4975128
DOLK	plot	4975134
DOLK	plot	4979688
DOLK	report	4975135
DOLK	report	4979689
DOLK	spip	4975126
DOLK	spliceai	4975129
DOLK	varconv	4975125
DOLK	vcf2parsed	4975132
DOLK	vep	4975127
DSC2	branchpoint	4975141
DSC2	clinrep	4979696
DSC2	filter	4979693
DSC2	merge	4979691
DSC2	pangolin	4975139
DSC2	plot	4979694
DSC2	report	4979695
DSC2	spip	4975137
DSC2	spliceai	4975140
DSC2	varconv	4975136
DSC2	vcf2parsed	4979692
DSC2	vep	4975138
DSG2	branchpoint	4975152
DSG2	clinrep	4979702
DSG2	filter	4979699
DSG2	merge	4979697
DSG2	pangolin	4975150
DSG2	plot	4979700
DSG2	report	4979701
DSG2	spip	4975148
DSG2	spliceai	4975151
DSG2	varconv	4975147
DSG2	vcf2parsed	4979698
DSG2	vep	4975149
EMD	branchpoint	4975163
EMD	clinrep	4979706
EMD	filter	4975166
EMD	filter	4979703
EMD	merge	4975164
EMD	pangolin	4975161
EMD	plot	4975167
EMD	plot	4979704
EMD	report	4975168
EMD	report	4979705
EMD	spip	4975159
EMD	spliceai	4975162
EMD	varconv	4975158
EMD	vcf2parsed	4975165
EMD	vep	4975160
FHL1	branchpoint	4975174
FHL1	clinrep	4979710
FHL1	filter	4975177
FHL1	filter	4979707
FHL1	merge	4975175
FHL1	pangolin	4975172
FHL1	plot	4975178
FHL1	plot	4979708
FHL1	report	4975179
FHL1	report	4979709
FHL1	spip	4975170
FHL1	spliceai	4975173
FHL1	varconv	4975169
FHL1	vcf2parsed	4975176
FHL1	vep	4975171
FHL2	branchpoint	4975185
FHL2	clinrep	4979716
FHL2	filter	4979713
FHL2	merge	4979711
FHL2	pangolin	4975183
FHL2	plot	4979714
FHL2	report	4979715
FHL2	spip	4975181
FHL2	spliceai	4975184
FHL2	varconv	4975180
FHL2	vcf2parsed	4979712
FHL2	vep	4975182
FHOD3	branchpoint	4975196
FHOD3	clinrep	4979722
FHOD3	filter	4979719
FHOD3	merge	4979717
FHOD3	pangolin	4975194
FHOD3	plot	4979720
FHOD3	report	4979721
FHOD3	spip	4975192
FHOD3	spliceai	4975195
FHOD3	varconv	4975191
FHOD3	vcf2parsed	4979718
FHOD3	vep	4975193
FKRP	branchpoint	4975207
FKRP	clinrep	4979726
FKRP	filter	4975210
FKRP	filter	4979723
FKRP	merge	4975208
FKRP	pangolin	4975205
FKRP	plot	4975211
FKRP	plot	4979724
FKRP	report	4975212
FKRP	report	4979725
FKRP	spip	4975203
FKRP	spliceai	4975206
FKRP	varconv	4975202
FKRP	vcf2parsed	4975209
FKRP	vep	4975204
FNIP1	branchpoint	4975218
FNIP1	clinrep	4979732
FNIP1	filter	4979729
FNIP1	merge	4979727
FNIP1	pangolin	4975216
FNIP1	plot	4979730
FNIP1	report	4979731
FNIP1	spip	4975214
FNIP1	spliceai	4975217
FNIP1	varconv	4975213
FNIP1	vcf2parsed	4979728
FNIP1	vep	4975215
GATA5	branchpoint	4975229
GATA5	clinrep	4979736
GATA5	filter	4975232
GATA5	filter	4979733
GATA5	merge	4975230
GATA5	pangolin	4975227
GATA5	plot	4975233
GATA5	plot	4979734
GATA5	report	4975234
GATA5	report	4979735
GATA5	spip	4975225
GATA5	spliceai	4975228
GATA5	varconv	4975224
GATA5	vcf2parsed	4975231
GATA5	vep	4975226
GATAD1	branchpoint	4975240
GATAD1	clinrep	4979740
GATAD1	filter	4975243
GATAD1	filter	4979737
GATAD1	merge	4975241
GATAD1	pangolin	4975238
GATAD1	plot	4975244
GATAD1	plot	4979738
GATAD1	report	4975245
GATAD1	report	4979739
GATAD1	spip	4975236
GATAD1	spliceai	4975239
GATAD1	varconv	4975235
GATAD1	vcf2parsed	4975242
GATAD1	vep	4975237
GLA	branchpoint	4975251
GLA	clinrep	4979746
GLA	filter	4979743
GLA	merge	4979741
GLA	pangolin	4975249
GLA	plot	4979744
GLA	report	4979745
GLA	spip	4975247
GLA	spliceai	4975250
GLA	varconv	4975246
GLA	vcf2parsed	4979742
GLA	vep	4975248
GYG1	branchpoint	4975262
GYG1	clinrep	4979750
GYG1	filter	4975265
GYG1	filter	4979747
GYG1	merge	4975263
GYG1	pangolin	4975260
GYG1	plot	4975266
GYG1	plot	4979748
GYG1	report	4975267
GYG1	report	4979749
GYG1	spip	4975258
GYG1	spliceai	4975261
GYG1	varconv	4975257
GYG1	vcf2parsed	4975264
GYG1	vep	4975259
HAND1	branchpoint	4975273
HAND1	clinrep	4979754
HAND1	filter	4975276
HAND1	filter	4979751
HAND1	merge	4975274
HAND1	pangolin	4975271
HAND1	plot	4975277
HAND1	plot	4979752
HAND1	report	4975278
HAND1	report	4979753
HAND1	spip	4975269
HAND1	spliceai	4975272
HAND1	varconv	4975268
HAND1	vcf2parsed	4975275
HAND1	vep	4975270
HAND2	branchpoint	4975284
HAND2	clinrep	4979758
HAND2	filter	4975287
HAND2	filter	4979755
HAND2	merge	4975285
HAND2	pangolin	4975282
HAND2	plot	4975288
HAND2	plot	4979756
HAND2	report	4975289
HAND2	report	4979757
HAND2	spip	4975280
HAND2	spliceai	4975283
HAND2	varconv	4975279
HAND2	vcf2parsed	4975286
HAND2	vep	4975281
HCN4	branchpoint	4975295
HCN4	clinrep	4979762
HCN4	filter	4975298
HCN4	filter	4979759
HCN4	merge	4975296
HCN4	pangolin	4975293
HCN4	plot	4975299
HCN4	plot	4979760
HCN4	report	4975300
HCN4	report	4979761
HCN4	spip	4975291
HCN4	spliceai	4975294
HCN4	varconv	4975290
HCN4	vcf2parsed	4975297
HCN4	vep	4975292
HFE	branchpoint	4975306
HFE	clinrep	4979766
HFE	filter	4975309
HFE	filter	4979763
HFE	merge	4975307
HFE	pangolin	4975304
HFE	plot	4975310
HFE	plot	4979764
HFE	report	4975311
HFE	report	4979765
HFE	spip	4975302
HFE	spliceai	4975305
HFE	varconv	4975301
HFE	vcf2parsed	4975308
HFE	vep	4975303
HRAS	branchpoint	4975317
HRAS	clinrep	4979770
HRAS	filter	4975320
HRAS	filter	4979767
HRAS	merge	4975318
HRAS	pangolin	4975315
HRAS	plot	4975321
HRAS	plot	4979768
HRAS	report	4975322
HRAS	report	4979769
HRAS	spip	4975313
HRAS	spliceai	4975316
HRAS	varconv	4975312
HRAS	vcf2parsed	4975319
HRAS	vep	4975314
IDH2	branchpoint	4975328
IDH2	clinrep	4979774
IDH2	filter	4975331
IDH2	filter	4979771
IDH2	merge	4975329
IDH2	pangolin	4975326
IDH2	plot	4975332
IDH2	plot	4979772
IDH2	report	4975333
IDH2	report	4979773
IDH2	spip	4975324
IDH2	spliceai	4975327
IDH2	varconv	4975323
IDH2	vcf2parsed	4975330
IDH2	vep	4975325
ILK	branchpoint	4975339
ILK	clinrep	4979778
ILK	filter	4975342
ILK	filter	4979775
ILK	merge	4975340
ILK	pangolin	4975337
ILK	plot	4975343
ILK	plot	4979776
ILK	report	4975344
ILK	report	4979777
ILK	spip	4975335
ILK	spliceai	4975338
ILK	varconv	4975334
ILK	vcf2parsed	4975341
ILK	vep	4975336
ISL1	branchpoint	4975350
ISL1	clinrep	4979782
ISL1	filter	4975353
ISL1	filter	4979779
ISL1	merge	4975351
ISL1	pangolin	4975348
ISL1	plot	4975354
ISL1	plot	4979780
ISL1	report	4975355
ISL1	report	4979781
ISL1	spip	4975346
ISL1	spliceai	4975349
ISL1	varconv	4975345
ISL1	vcf2parsed	4975352
ISL1	vep	4975347
JPH2	branchpoint	4975361
JPH2	clinrep	4979788
JPH2	filter	4979785
JPH2	merge	4979783
JPH2	pangolin	4975359
JPH2	plot	4979786
JPH2	report	4979787
JPH2	spip	4975357
JPH2	spliceai	4975360
JPH2	varconv	4975356
JPH2	vcf2parsed	4979784
JPH2	vep	4975358
JUP	branchpoint	4975372
JUP	clinrep	4979792
JUP	filter	4975375
JUP	filter	4979789
JUP	merge	4975373
JUP	pangolin	4975370
JUP	plot	4975376
JUP	plot	4979790
JUP	report	4975377
JUP	report	4979791
JUP	spip	4975368
JUP	spliceai	4975371
JUP	varconv	4975367
JUP	vcf2parsed	4975374
JUP	vep	4975369
KCNJ2	branchpoint	4975383
KCNJ2	clinrep	4979796
KCNJ2	filter	4975386
KCNJ2	filter	4979793
KCNJ2	merge	4975384
KCNJ2	pangolin	4975381
KCNJ2	plot	4975387
KCNJ2	plot	4979794
KCNJ2	report	4975388
KCNJ2	report	4979795
KCNJ2	spip	4975379
KCNJ2	spliceai	4975382
KCNJ2	varconv	4975378
KCNJ2	vcf2parsed	4975385
KCNJ2	vep	4975380
KCNJ8	branchpoint	4975394
KCNJ8	clinrep	4979800
KCNJ8	filter	4975397
KCNJ8	filter	4979797
KCNJ8	merge	4975395
KCNJ8	pangolin	4975392
KCNJ8	plot	4975398
KCNJ8	plot	4979798
KCNJ8	report	4975399
KCNJ8	report	4979799
KCNJ8	spip	4975390
KCNJ8	spliceai	4975393
KCNJ8	varconv	4975389
KCNJ8	vcf2parsed	4975396
KCNJ8	vep	4975391
KLF10	branchpoint	4975405
KLF10	clinrep	4979804
KLF10	filter	4975408
KLF10	filter	4979801
KLF10	merge	4975406
KLF10	pangolin	4975403
KLF10	plot	4975409
KLF10	plot	4979802
KLF10	report	4975410
KLF10	report	4979803
KLF10	spip	4975401
KLF10	spliceai	4975404
KLF10	varconv	4975400
KLF10	vcf2parsed	4975407
KLF10	vep	4975402
KLHL24	branchpoint	4975416
KLHL24	clinrep	4979810
KLHL24	filter	4979807
KLHL24	merge	4979805
KLHL24	pangolin	4975414
KLHL24	plot	4979808
KLHL24	report	4979809
KLHL24	spip	4975412
KLHL24	spliceai	4975415
KLHL24	varconv	4975411
KLHL24	vcf2parsed	4979806
KLHL24	vep	4975413
KRAS	branchpoint	4975427
KRAS	clinrep	4979814
KRAS	filter	4975430
KRAS	filter	4979811
KRAS	merge	4975428
KRAS	pangolin	4975425
KRAS	plot	4975431
KRAS	plot	4979812
KRAS	report	4975432
KRAS	report	4979813
KRAS	spip	4975423
KRAS	spliceai	4975426
KRAS	varconv	4975422
KRAS	vcf2parsed	4975429
KRAS	vep	4975424
LAMA2	branchpoint	4975438
LAMA2	clinrep	4979820
LAMA2	filter	4979817
LAMA2	merge	4979815
LAMA2	pangolin	4975436
LAMA2	plot	4979818
LAMA2	report	4979819
LAMA2	spip	4975434
LAMA2	spliceai	4975437
LAMA2	varconv	4975433
LAMA2	vcf2parsed	4979816
LAMA2	vep	4975435
LAMP2	branchpoint	4975449
LAMP2	clinrep	4979824
LAMP2	filter	4975452
LAMP2	filter	4979821
LAMP2	merge	4975450
LAMP2	pangolin	4975447
LAMP2	plot	4975453
LAMP2	plot	4979822
LAMP2	report	4975454
LAMP2	report	4979823
LAMP2	spip	4975445
LAMP2	spliceai	4975448
LAMP2	varconv	4975444
LAMP2	vcf2parsed	4975451
LAMP2	vep	4975446
LEMD2	branchpoint	4975460
LEMD2	clinrep	4979830
LEMD2	filter	4979827
LEMD2	merge	4979825
LEMD2	pangolin	4975458
LEMD2	plot	4979828
LEMD2	report	4979829
LEMD2	spip	4975456
LEMD2	spliceai	4975459
LEMD2	varconv	4975455
LEMD2	vcf2parsed	4979826
LEMD2	vep	4975457
LIAS	branchpoint	4975471
LIAS	clinrep	4979834
LIAS	filter	4975474
LIAS	filter	4979831
LIAS	merge	4975472
LIAS	pangolin	4975469
LIAS	plot	4975475
LIAS	plot	4979832
LIAS	report	4975476
LIAS	report	4979833
LIAS	spip	4975467
LIAS	spliceai	4975470
LIAS	varconv	4975466
LIAS	vcf2parsed	4975473
LIAS	vep	4975468
LMOD2	branchpoint	4975482
LMOD2	clinrep	4979838
LMOD2	filter	4975485
LMOD2	filter	4979835
LMOD2	merge	4975483
LMOD2	pangolin	4975480
LMOD2	plot	4975486
LMOD2	plot	4979836
LMOD2	report	4975487
LMOD2	report	4979837
LMOD2	spip	4975478
LMOD2	spliceai	4975481
LMOD2	varconv	4975477
LMOD2	vcf2parsed	4975484
LMOD2	vep	4975479
LRRC10	branchpoint	4975493
LRRC10	clinrep	4979842
LRRC10	filter	4975496
LRRC10	filter	4979839
LRRC10	merge	4975494
LRRC10	pangolin	4975491
LRRC10	plot	4975497
LRRC10	plot	4979840
LRRC10	report	4975498
LRRC10	report	4979841
LRRC10	spip	4975489
LRRC10	spliceai	4975492
LRRC10	varconv	4975488
LRRC10	vcf2parsed	4975495
LRRC10	vep	4975490
MEF2C	branchpoint	4975504
MEF2C	clinrep	4979848
MEF2C	filter	4979845
MEF2C	merge	4979843
MEF2C	pangolin	4975502
MEF2C	plot	4979846
MEF2C	report	4979847
MEF2C	spip	4975500
MEF2C	spliceai	4975503
MEF2C	varconv	4975499
MEF2C	vcf2parsed	4979844
MEF2C	vep	4975501
MLYCD	branchpoint	4975515
MLYCD	clinrep	4979854
MLYCD	filter	4979851
MLYCD	merge	4979849
MLYCD	pangolin	4975513
MLYCD	plot	4979852
MLYCD	report	4979853
MLYCD	spip	4975511
MLYCD	spliceai	4975514
MLYCD	varconv	4975510
MLYCD	vcf2parsed	4979850
MLYCD	vep	4975512
MRAS	branchpoint	4975526
MRAS	clinrep	4979859
MRAS	filter	4975529
MRAS	filter	4979856
MRAS	merge	4975527
MRAS	pangolin	4975524
MRAS	plot	4975530
MRAS	plot	4979857
MRAS	report	4975531
MRAS	report	4979858
MRAS	spip	4975522
MRAS	spliceai	4975525
MRAS	varconv	4975521
MRAS	vcf2parsed	4975528
MRAS	vep	4975523
MRPL3	branchpoint	4975537
MRPL3	clinrep	4979863
MRPL3	filter	4975540
MRPL3	filter	4979860
MRPL3	merge	4975538
MRPL3	pangolin	4975535
MRPL3	plot	4975541
MRPL3	plot	4979861
MRPL3	report	4975542
MRPL3	report	4979862
MRPL3	spip	4975533
MRPL3	spliceai	4975536
MRPL3	varconv	4975532
MRPL3	vcf2parsed	4975539
MRPL3	vep	4975534
MRPL44	branchpoint	4975548
MRPL44	clinrep	4979867
MRPL44	filter	4975551
MRPL44	filter	4979864
MRPL44	merge	4975549
MRPL44	pangolin	4975546
MRPL44	plot	4975552
MRPL44	plot	4979865
MRPL44	report	4975553
MRPL44	report	4979866
MRPL44	spip	4975544
MRPL44	spliceai	4975547
MRPL44	varconv	4975543
MRPL44	vcf2parsed	4975550
MRPL44	vep	4975545
MRPS22	branchpoint	4975559
MRPS22	clinrep	4979871
MRPS22	filter	4975562
MRPS22	filter	4979868
MRPS22	merge	4975560
MRPS22	pangolin	4975557
MRPS22	plot	4975563
MRPS22	plot	4979869
MRPS22	report	4975564
MRPS22	report	4979870
MRPS22	spip	4975555
MRPS22	spliceai	4975558
MRPS22	varconv	4975554
MRPS22	vcf2parsed	4975561
MRPS22	vep	4975556
MTO1	branchpoint	4975570
MTO1	clinrep	4979875
MTO1	filter	4975573
MTO1	filter	4979872
MTO1	merge	4975571
MTO1	pangolin	4975568
MTO1	plot	4975574
MTO1	plot	4979873
MTO1	report	4975575
MTO1	report	4979874
MTO1	spip	4975566
MTO1	spliceai	4975569
MTO1	varconv	4975565
MTO1	vcf2parsed	4975572
MTO1	vep	4975567
MYBPHL	branchpoint	4975581
MYBPHL	clinrep	4979879
MYBPHL	filter	4975584
MYBPHL	filter	4979876
MYBPHL	merge	4975582
MYBPHL	pangolin	4975579
MYBPHL	plot	4975585
MYBPHL	plot	4979877
MYBPHL	report	4975586
MYBPHL	report	4979878
MYBPHL	spip	4975577
MYBPHL	spliceai	4975580
MYBPHL	varconv	4975576
MYBPHL	vcf2parsed	4975583
MYBPHL	vep	4975578
MYH6	branchpoint	4975592
MYH6	clinrep	4979883
MYH6	filter	4975595
MYH6	filter	4979880
MYH6	merge	4975593
MYH6	pangolin	4975590
MYH6	plot	4975596
MYH6	plot	4979881
MYH6	report	4975597
MYH6	report	4979882
MYH6	spip	4975588
MYH6	spliceai	4975591
MYH6	varconv	4975587
MYH6	vcf2parsed	4975594
MYH6	vep	4975589
MYH7	branchpoint	4975603
MYH7	clinrep	4979889
MYH7	filter	4979886
MYH7	merge	4979884
MYH7	pangolin	4975601
MYH7	plot	4979887
MYH7	report	4979888
MYH7	spip	4975599
MYH7	spliceai	4975602
MYH7	varconv	4975598
MYH7	vcf2parsed	4979885
MYH7	vep	4975600
MYL2	branchpoint	4975614
MYL2	clinrep	4979895
MYL2	filter	4979892
MYL2	merge	4979890
MYL2	pangolin	4975612
MYL2	plot	4979893
MYL2	report	4979894
MYL2	spip	4975610
MYL2	spliceai	4975613
MYL2	varconv	4975609
MYL2	vcf2parsed	4979891
MYL2	vep	4975611
MYL3	branchpoint	4975625
MYL3	clinrep	4979899
MYL3	filter	4975628
MYL3	filter	4979896
MYL3	merge	4975626
MYL3	pangolin	4975623
MYL3	plot	4975629
MYL3	plot	4979897
MYL3	report	4975630
MYL3	report	4979898
MYL3	spip	4975621
MYL3	spliceai	4975624
MYL3	varconv	4975620
MYL3	vcf2parsed	4975627
MYL3	vep	4975622
MYLK2	branchpoint	4975636
MYLK2	clinrep	4979903
MYLK2	filter	4975639
MYLK2	filter	4979900
MYLK2	merge	4975637
MYLK2	pangolin	4975634
MYLK2	plot	4975640
MYLK2	plot	4979901
MYLK2	report	4975641
MYLK2	report	4979902
MYLK2	spip	4975632
MYLK2	spliceai	4975635
MYLK2	varconv	4975631
MYLK2	vcf2parsed	4975638
MYLK2	vep	4975633
MYLK3	branchpoint	4975647
MYLK3	clinrep	4979907
MYLK3	filter	4975650
MYLK3	filter	4979904
MYLK3	merge	4975648
MYLK3	pangolin	4975645
MYLK3	plot	4975651
MYLK3	plot	4979905
MYLK3	report	4975652
MYLK3	report	4979906
MYLK3	spip	4975643
MYLK3	spliceai	4975646
MYLK3	varconv	4975642
MYLK3	vcf2parsed	4975649
MYLK3	vep	4975644
MYOM1	branchpoint	4975658
MYOM1	clinrep	4979913
MYOM1	filter	4979910
MYOM1	merge	4979908
MYOM1	pangolin	4975656
MYOM1	plot	4979911
MYOM1	report	4979912
MYOM1	spip	4975654
MYOM1	spliceai	4975657
MYOM1	varconv	4975653
MYOM1	vcf2parsed	4979909
MYOM1	vep	4975655
MYOT	branchpoint	4975669
MYOT	clinrep	4979917
MYOT	filter	4975672
MYOT	filter	4979914
MYOT	merge	4975670
MYOT	pangolin	4975667
MYOT	plot	4975673
MYOT	plot	4979915
MYOT	report	4975674
MYOT	report	4979916
MYOT	spip	4975665
MYOT	spliceai	4975668
MYOT	varconv	4975664
MYOT	vcf2parsed	4975671
MYOT	vep	4975666
MYOZ2	branchpoint	4975680
MYOZ2	clinrep	4979921
MYOZ2	filter	4975683
MYOZ2	filter	4979918
MYOZ2	merge	4975681
MYOZ2	pangolin	4975678
MYOZ2	plot	4975684
MYOZ2	plot	4979919
MYOZ2	report	4975685
MYOZ2	report	4979920
MYOZ2	spip	4975676
MYOZ2	spliceai	4975679
MYOZ2	varconv	4975675
MYOZ2	vcf2parsed	4975682
MYOZ2	vep	4975677
MYPN	branchpoint	4975691
MYPN	clinrep	4979927
MYPN	filter	4979924
MYPN	merge	4979922
MYPN	pangolin	4975689
MYPN	plot	4979925
MYPN	report	4979926
MYPN	spip	4975687
MYPN	spliceai	4975690
MYPN	varconv	4975686
MYPN	vcf2parsed	4979923
MYPN	vep	4975688
MYZAP	branchpoint	4975702
MYZAP	clinrep	4979933
MYZAP	filter	4979930
MYZAP	merge	4979928
MYZAP	pangolin	4975700
MYZAP	plot	4979931
MYZAP	report	4979932
MYZAP	spip	4975698
MYZAP	spliceai	4975701
MYZAP	varconv	4975697
MYZAP	vcf2parsed	4979929
MYZAP	vep	4975699
NAA10	branchpoint	4975713
NAA10	clinrep	4979937
NAA10	filter	4975716
NAA10	filter	4979934
NAA10	merge	4975714
NAA10	pangolin	4975711
NAA10	plot	4975717
NAA10	plot	4979935
NAA10	report	4975718
NAA10	report	4979936
NAA10	spip	4975709
NAA10	spliceai	4975712
NAA10	varconv	4975708
NAA10	vcf2parsed	4975715
NAA10	vep	4975710
NDUFB11	branchpoint	4975724
NDUFB11	clinrep	4979941
NDUFB11	filter	4975727
NDUFB11	filter	4979938
NDUFB11	merge	4975725
NDUFB11	pangolin	4975722
NDUFB11	plot	4975728
NDUFB11	plot	4979939
NDUFB11	report	4975729
NDUFB11	report	4979940
NDUFB11	spip	4975720
NDUFB11	spliceai	4975723
NDUFB11	varconv	4975719
NDUFB11	vcf2parsed	4975726
NDUFB11	vep	4975721
NEBL	branchpoint	4975735
NEBL	clinrep	4979947
NEBL	filter	4979944
NEBL	merge	4979942
NEBL	pangolin	4975733
NEBL	plot	4979945
NEBL	report	4979946
NEBL	spip	4975731
NEBL	spliceai	4975734
NEBL	varconv	4975730
NEBL	vcf2parsed	4979943
NEBL	vep	4975732
NEXN	branchpoint	4975746
NEXN	clinrep	4979951
NEXN	filter	4975749
NEXN	filter	4979948
NEXN	merge	4975747
NEXN	pangolin	4975744
NEXN	plot	4975750
NEXN	plot	4979949
NEXN	report	4975751
NEXN	report	4979950
NEXN	spip	4975742
NEXN	spliceai	4975745
NEXN	varconv	4975741
NEXN	vcf2parsed	4975748
NEXN	vep	4975743
NF1	branchpoint	4975757
NF1	clinrep	4979957
NF1	filter	4979954
NF1	merge	4979952
NF1	pangolin	4975755
NF1	plot	4979955
NF1	report	4979956
NF1	spip	4975753
NF1	spliceai	4975756
NF1	varconv	4975752
NF1	vcf2parsed	4979953
NF1	vep	4975754
NKX2-5	branchpoint	4975768
NKX2-5	clinrep	4979961
NKX2-5	filter	4975771
NKX2-5	filter	4979958
NKX2-5	merge	4975769
NKX2-5	pangolin	4975766
NKX2-5	plot	4975772
NKX2-5	plot	4979959
NKX2-5	report	4975773
NKX2-5	report	4979960
NKX2-5	spip	4975764
NKX2-5	spliceai	4975767
NKX2-5	varconv	4975763
NKX2-5	vcf2parsed	4975770
NKX2-5	vep	4975765
NONO	branchpoint	4975779
NONO	clinrep	4979965
NONO	filter	4975782
NONO	filter	4979962
NONO	merge	4975780
NONO	pangolin	4975777
NONO	plot	4975783
NONO	plot	4979963
NONO	report	4975784
NONO	report	4979964
NONO	spip	4975775
NONO	spliceai	4975778
NONO	varconv	4975774
NONO	vcf2parsed	4975781
NONO	vep	4975776
NRAS	branchpoint	4975790
NRAS	clinrep	4979969
NRAS	filter	4975793
NRAS	filter	4979966
NRAS	merge	4975791
NRAS	pangolin	4975788
NRAS	plot	4975794
NRAS	plot	4979967
NRAS	report	4975795
NRAS	report	4979968
NRAS	spip	4975786
NRAS	spliceai	4975789
NRAS	varconv	4975785
NRAS	vcf2parsed	4975792
NRAS	vep	4975787
NUBPL	branchpoint	4975801
NUBPL	clinrep	4979975
NUBPL	filter	4979972
NUBPL	merge	4979970
NUBPL	pangolin	4975799
NUBPL	plot	4979973
NUBPL	report	4979974
NUBPL	spip	4975797
NUBPL	spliceai	4975800
NUBPL	varconv	4975796
NUBPL	vcf2parsed	4979971
NUBPL	vep	4975798
PCCA	branchpoint	4975812
PCCA	clinrep	4979981
PCCA	filter	4979978
PCCA	merge	4979976
PCCA	pangolin	4975810
PCCA	plot	4979979
PCCA	report	4979980
PCCA	spip	4975808
PCCA	spliceai	4975811
PCCA	varconv	4975807
PCCA	vcf2parsed	4979977
PCCA	vep	4975809
PCCB	branchpoint	4975823
PCCB	clinrep	4979987
PCCB	filter	4979984
PCCB	merge	4979982
PCCB	pangolin	4975821
PCCB	plot	4979985
PCCB	report	4979986
PCCB	spip	4975819
PCCB	spliceai	4975822
PCCB	varconv	4975818
PCCB	vcf2parsed	4979983
PCCB	vep	4975820
PDHA1	branchpoint	4975834
PDHA1	clinrep	4979991
PDHA1	filter	4975837
PDHA1	filter	4979988
PDHA1	merge	4975835
PDHA1	pangolin	4975832
PDHA1	plot	4975838
PDHA1	plot	4979989
PDHA1	report	4975839
PDHA1	report	4979990
PDHA1	spip	4975830
PDHA1	spliceai	4975833
PDHA1	varconv	4975829
PDHA1	vcf2parsed	4975836
PDHA1	vep	4975831
PDLIM3	branchpoint	4975845
PDLIM3	clinrep	4979995
PDLIM3	filter	4975848
PDLIM3	filter	4979992
PDLIM3	merge	4975846
PDLIM3	pangolin	4975843
PDLIM3	plot	4975849
PDLIM3	plot	4979993
PDLIM3	report	4975850
PDLIM3	report	4979994
PDLIM3	spip	4975841
PDLIM3	spliceai	4975844
PDLIM3	varconv	4975840
PDLIM3	vcf2parsed	4975847
PDLIM3	vep	4975842
PERP	branchpoint	4975856
PERP	clinrep	4980001
PERP	filter	4979998
PERP	merge	4979996
PERP	pangolin	4975854
PERP	plot	4979999
PERP	report	4980000
PERP	spip	4975852
PERP	spliceai	4975855
PERP	varconv	4975851
PERP	vcf2parsed	4979997
PERP	vep	4975853
PHKB	branchpoint	4975867
PHKB	clinrep	4980007
PHKB	filter	4980004
PHKB	merge	4980002
PHKB	pangolin	4975865
PHKB	plot	4980005
PHKB	report	4980006
PHKB	spip	4975863
PHKB	spliceai	4975866
PHKB	varconv	4975862
PHKB	vcf2parsed	4980003
PHKB	vep	4975864
PLEKHM2	branchpoint	4975878
PLEKHM2	clinrep	4980013
PLEKHM2	filter	4980010
PLEKHM2	merge	4980008
PLEKHM2	pangolin	4975876
PLEKHM2	plot	4980011
PLEKHM2	report	4980012
PLEKHM2	spip	4975874
PLEKHM2	spliceai	4975877
PLEKHM2	varconv	4975873
PLEKHM2	vcf2parsed	4980009
PLEKHM2	vep	4975875
PLN	branchpoint	4975889
PLN	clinrep	4980017
PLN	filter	4975892
PLN	filter	4980014
PLN	merge	4975890
PLN	pangolin	4975887
PLN	plot	4975893
PLN	plot	4980015
PLN	report	4975894
PLN	report	4980016
PLN	spip	4975885
PLN	spliceai	4975888
PLN	varconv	4975884
PLN	vcf2parsed	4975891
PLN	vep	4975886
PMM2	branchpoint	4975900
PMM2	clinrep	4980023
PMM2	filter	4980020
PMM2	merge	4980018
PMM2	pangolin	4975898
PMM2	plot	4980021
PMM2	report	4980022
PMM2	spip	4975896
PMM2	spliceai	4975899
PMM2	varconv	4975895
PMM2	vcf2parsed	4980019
PMM2	vep	4975897
PPA2	branchpoint	4975911
PPA2	clinrep	4980029
PPA2	filter	4980026
PPA2	merge	4980024
PPA2	pangolin	4975909
PPA2	plot	4980027
PPA2	report	4980028
PPA2	spip	4975907
PPA2	spliceai	4975910
PPA2	varconv	4975906
PPA2	vcf2parsed	4980025
PPA2	vep	4975908
PPCS	branchpoint	4975922
PPCS	clinrep	4980033
PPCS	filter	4975925
PPCS	filter	4980030
PPCS	merge	4975923
PPCS	pangolin	4975920
PPCS	plot	4975926
PPCS	plot	4980031
PPCS	report	4975927
PPCS	report	4980032
PPCS	spip	4975918
PPCS	spliceai	4975921
PPCS	varconv	4975917
PPCS	vcf2parsed	4975924
PPCS	vep	4975919
PPP1CB	branchpoint	4975933
PPP1CB	clinrep	4980037
PPP1CB	filter	4975936
PPP1CB	filter	4980034
PPP1CB	merge	4975934
PPP1CB	pangolin	4975931
PPP1CB	plot	4975937
PPP1CB	plot	4980035
PPP1CB	report	4975938
PPP1CB	report	4980036
PPP1CB	spip	4975929
PPP1CB	spliceai	4975932
PPP1CB	varconv	4975928
PPP1CB	vcf2parsed	4975935
PPP1CB	vep	4975930
PPP1R13L	branchpoint	4975944
PPP1R13L	clinrep	4980041
PPP1R13L	filter	4975947
PPP1R13L	filter	4980038
PPP1R13L	merge	4975945
PPP1R13L	pangolin	4975942
PPP1R13L	plot	4975948
PPP1R13L	plot	4980039
PPP1R13L	report	4975949
PPP1R13L	report	4980040
PPP1R13L	spip	4975940
PPP1R13L	spliceai	4975943
PPP1R13L	varconv	4975939
PPP1R13L	vcf2parsed	4975946
PPP1R13L	vep	4975941
PRDM16	branchpoint	4975955
PRDM16	clinrep	4980047
PRDM16	filter	4980044
PRDM16	merge	4980042
PRDM16	pangolin	4975953
PRDM16	plot	4980045
PRDM16	report	4980046
PRDM16	spip	4975951
PRDM16	spliceai	4975954
PRDM16	varconv	4975950
PRDM16	vcf2parsed	4980043
PRDM16	vep	4975952
PRKAG2	branchpoint	4975966
PRKAG2	clinrep	4980053
PRKAG2	filter	4980050
PRKAG2	merge	4980048
PRKAG2	pangolin	4975964
PRKAG2	plot	4980051
PRKAG2	report	4980052
PRKAG2	spip	4975962
PRKAG2	spliceai	4975965
PRKAG2	varconv	4975961
PRKAG2	vcf2parsed	4980049
PRKAG2	vep	4975963
PSEN2	branchpoint	4975977
PSEN2	clinrep	4980057
PSEN2	filter	4975980
PSEN2	filter	4980054
PSEN2	merge	4975978
PSEN2	pangolin	4975975
PSEN2	plot	4975981
PSEN2	plot	4980055
PSEN2	report	4975982
PSEN2	report	4980056
PSEN2	spip	4975973
PSEN2	spliceai	4975976
PSEN2	varconv	4975972
PSEN2	vcf2parsed	4975979
PSEN2	vep	4975974
PTPN11	branchpoint	4975988
PTPN11	clinrep	4980063
PTPN11	filter	4980060
PTPN11	merge	4980058
PTPN11	pangolin	4975986
PTPN11	plot	4980061
PTPN11	report	4980062
PTPN11	spip	4975984
PTPN11	spliceai	4975987
PTPN11	varconv	4975983
PTPN11	vcf2parsed	4980059
PTPN11	vep	4975985
QRSL1	branchpoint	4975999
QRSL1	clinrep	4980067
QRSL1	filter	4976002
QRSL1	filter	4980064
QRSL1	merge	4976000
QRSL1	pangolin	4975997
QRSL1	plot	4976003
QRSL1	plot	4980065
QRSL1	report	4976004
QRSL1	report	4980066
QRSL1	spip	4975995
QRSL1	spliceai	4975998
QRSL1	varconv	4975994
QRSL1	vcf2parsed	4976001
QRSL1	vep	4975996
RAF1	branchpoint	4976010
RAF1	clinrep	4980073
RAF1	filter	4980070
RAF1	merge	4980068
RAF1	pangolin	4976008
RAF1	plot	4980071
RAF1	report	4980072
RAF1	spip	4976006
RAF1	spliceai	4976009
RAF1	varconv	4976005
RAF1	vcf2parsed	4980069
RAF1	vep	4976007
RBM20	branchpoint	4976021
RBM20	clinrep	4980079
RBM20	filter	4980076
RBM20	merge	4980074
RBM20	pangolin	4976019
RBM20	plot	4980077
RBM20	report	4980078
RBM20	spip	4976017
RBM20	spliceai	4976020
RBM20	varconv	4976016
RBM20	vcf2parsed	4980075
RBM20	vep	4976018
RIT1	branchpoint	4976032
RIT1	clinrep	4980083
RIT1	filter	4976035
RIT1	filter	4980080
RIT1	merge	4976033
RIT1	pangolin	4976030
RIT1	plot	4976036
RIT1	plot	4980081
RIT1	report	4976037
RIT1	report	4980082
RIT1	spip	4976028
RIT1	spliceai	4976031
RIT1	varconv	4976027
RIT1	vcf2parsed	4976034
RIT1	vep	4976029
RPL3L	branchpoint	4980086
RPL3L	clinrep	4980092
RPL3L	filter	4980089
RPL3L	merge	4980087
RPL3L	plot	4980090
RPL3L	report	4980091
RPL3L	spip	4980084
RPL3L	varconv	4976038
RPL3L	vcf2parsed	4980088
RPL3L	vep	4980085
RRAS	branchpoint	4980096
RRAS	clinrep	4980102
RRAS	filter	4980099
RRAS	merge	4980097
RRAS	plot	4980100
RRAS	report	4980101
RRAS	spip	4980094
RRAS	varconv	4980093
RRAS	vcf2parsed	4980098
RRAS	vep	4980095
RYR2	branchpoint	4980106
RYR2	clinrep	4980112
RYR2	filter	4980109
RYR2	merge	4980107
RYR2	plot	4980110
RYR2	report	4980111
RYR2	spip	4980104
RYR2	varconv	4980103
RYR2	vcf2parsed	4980108
RYR2	vep	4980105
SCN5A	branchpoint	4980116
SCN5A	clinrep	4980122
SCN5A	filter	4980119
SCN5A	merge	4980117
SCN5A	plot	4980120
SCN5A	report	4980121
SCN5A	spip	4980114
SCN5A	varconv	4980113
SCN5A	vcf2parsed	4980118
SCN5A	vep	4980115
SCO2	branchpoint	4980126
SCO2	clinrep	4980132
SCO2	filter	4980129
SCO2	merge	4980127
SCO2	plot	4980130
SCO2	report	4980131
SCO2	spip	4980124
SCO2	varconv	4980123
SCO2	vcf2parsed	4980128
SCO2	vep	4980125
SDHA	branchpoint	4980136
SDHA	clinrep	4980142
SDHA	filter	4980139
SDHA	merge	4980137
SDHA	plot	4980140
SDHA	report	4980141
SDHA	spip	4980134
SDHA	varconv	4980133
SDHA	vcf2parsed	4980138
SDHA	vep	4980135
SGCA	branchpoint	4980146
SGCA	clinrep	4980152
SGCA	filter	4980149
SGCA	merge	4980147
SGCA	plot	4980150
SGCA	report	4980151
SGCA	spip	4980144
SGCA	varconv	4980143
SGCA	vcf2parsed	4980148
SGCA	vep	4980145
SGCB	branchpoint	4980156
SGCB	clinrep	4980162
SGCB	filter	4980159
SGCB	merge	4980157
SGCB	plot	4980160
SGCB	report	4980161
SGCB	spip	4980154
SGCB	varconv	4980153
SGCB	vcf2parsed	4980158
SGCB	vep	4980155
SGCG	branchpoint	4980166
SGCG	clinrep	4980172
SGCG	filter	4980169
SGCG	merge	4980167
SGCG	plot	4980170
SGCG	report	4980171
SGCG	spip	4980164
SGCG	varconv	4980163
SGCG	vcf2parsed	4980168
SGCG	vep	4980165
SHOC2	branchpoint	4980176
SHOC2	clinrep	4980182
SHOC2	filter	4980179
SHOC2	merge	4980177
SHOC2	plot	4980180
SHOC2	report	4980181
SHOC2	spip	4980174
SHOC2	varconv	4980173
SHOC2	vcf2parsed	4980178
SHOC2	vep	4980175
SLC22A5	branchpoint	4980186
SLC22A5	clinrep	4980192
SLC22A5	filter	4980189
SLC22A5	merge	4980187
SLC22A5	plot	4980190
SLC22A5	report	4980191
SLC22A5	spip	4980184
SLC22A5	varconv	4980183
SLC22A5	vcf2parsed	4980188
SLC22A5	vep	4980185
SLC25A3	branchpoint	4980196
SLC25A3	clinrep	4980202
SLC25A3	filter	4980199
SLC25A3	merge	4980197
SLC25A3	plot	4980200
SLC25A3	report	4980201
SLC25A3	spip	4980194
SLC25A3	varconv	4980193
SLC25A3	vcf2parsed	4980198
SLC25A3	vep	4980195
SLC25A4	branchpoint	4980206
SLC25A4	clinrep	4980212
SLC25A4	filter	4980209
SLC25A4	merge	4980207
SLC25A4	plot	4980210
SLC25A4	report	4980211
SLC25A4	spip	4980204
SLC25A4	varconv	4980203
SLC25A4	vcf2parsed	4980208
SLC25A4	vep	4980205
SMAD6	branchpoint	4980216
SMAD6	clinrep	4980222
SMAD6	filter	4980219
SMAD6	merge	4980217
SMAD6	plot	4980220
SMAD6	report	4980221
SMAD6	spip	4980214
SMAD6	varconv	4980213
SMAD6	vcf2parsed	4980218
SMAD6	vep	4980215
SPRED1	branchpoint	4980226
SPRED1	clinrep	4980232
SPRED1	filter	4980229
SPRED1	merge	4980227
SPRED1	plot	4980230
SPRED1	report	4980231
SPRED1	spip	4980224
SPRED1	varconv	4980223
SPRED1	vcf2parsed	4980228
SPRED1	vep	4980225
SURF1	branchpoint	4980236
SURF1	clinrep	4980242
SURF1	filter	4980239
SURF1	merge	4980237
SURF1	plot	4980240
SURF1	report	4980241
SURF1	spip	4980234
SURF1	varconv	4980233
SURF1	vcf2parsed	4980238
SURF1	vep	4980235
TBX20	branchpoint	4980246
TBX20	clinrep	4980252
TBX20	filter	4980249
TBX20	merge	4980247
TBX20	plot	4980250
TBX20	report	4980251
TBX20	spip	4980244
TBX20	varconv	4980243
TBX20	vcf2parsed	4980248
TBX20	vep	4980245
TBX5	branchpoint	4980256
TBX5	clinrep	4980262
TBX5	filter	4980259
TBX5	merge	4980257
TBX5	plot	4980260
TBX5	report	4980261
TBX5	spip	4980254
TBX5	varconv	4980253
TBX5	vcf2parsed	4980258
TBX5	vep	4980255
TCAP	branchpoint	4980266
TCAP	clinrep	4980272
TCAP	filter	4980269
TCAP	merge	4980267
TCAP	plot	4980270
TCAP	report	4980271
TCAP	spip	4980264
TCAP	varconv	4980263
TCAP	vcf2parsed	4980268
TCAP	vep	4980265
TGFB3	branchpoint	4980276
TGFB3	clinrep	4980282
TGFB3	filter	4980279
TGFB3	merge	4980277
TGFB3	plot	4980280
TGFB3	report	4980281
TGFB3	spip	4980274
TGFB3	varconv	4980273
TGFB3	vcf2parsed	4980278
TGFB3	vep	4980275
TMEM43	branchpoint	4980286
TMEM43	clinrep	4980292
TMEM43	filter	4980289
TMEM43	merge	4980287
TMEM43	plot	4980290
TMEM43	report	4980291
TMEM43	spip	4980284
TMEM43	varconv	4980283
TMEM43	vcf2parsed	4980288
TMEM43	vep	4980285
TMEM70	branchpoint	4980296
TMEM70	clinrep	4980302
TMEM70	filter	4980299
TMEM70	merge	4980297
TMEM70	plot	4980300
TMEM70	report	4980301
TMEM70	spip	4980294
TMEM70	varconv	4980293
TMEM70	vcf2parsed	4980298
TMEM70	vep	4980295
TNNC1	branchpoint	4980306
TNNC1	clinrep	4980312
TNNC1	filter	4980309
TNNC1	merge	4980307
TNNC1	plot	4980310
TNNC1	report	4980311
TNNC1	spip	4980304
TNNC1	varconv	4980303
TNNC1	vcf2parsed	4980308
TNNC1	vep	4980305
TNNI3	branchpoint	4980326
TNNI3	clinrep	4980332
TNNI3	filter	4980329
TNNI3	merge	4980327
TNNI3	plot	4980330
TNNI3	report	4980331
TNNI3	spip	4980324
TNNI3	varconv	4980323
TNNI3	vcf2parsed	4980328
TNNI3	vep	4980325
TNNI3K	branchpoint	4980316
TNNI3K	clinrep	4980322
TNNI3K	filter	4980319
TNNI3K	merge	4980317
TNNI3K	plot	4980320
TNNI3K	report	4980321
TNNI3K	spip	4980314
TNNI3K	varconv	4980313
TNNI3K	vcf2parsed	4980318
TNNI3K	vep	4980315
TNNT2	branchpoint	4980336
TNNT2	clinrep	4980342
TNNT2	filter	4980339
TNNT2	merge	4980337
TNNT2	plot	4980340
TNNT2	report	4980341
TNNT2	spip	4980334
TNNT2	varconv	4980333
TNNT2	vcf2parsed	4980338
TNNT2	vep	4980335
TOR1AIP1	branchpoint	4980346
TOR1AIP1	clinrep	4980352
TOR1AIP1	filter	4980349
TOR1AIP1	merge	4980347
TOR1AIP1	plot	4980350
TOR1AIP1	report	4980351
TOR1AIP1	spip	4980344
TOR1AIP1	varconv	4980343
TOR1AIP1	vcf2parsed	4980348
TOR1AIP1	vep	4980345
TP63	branchpoint	4980356
TP63	clinrep	4980362
TP63	filter	4980359
TP63	merge	4980357
TP63	plot	4980360
TP63	report	4980361
TP63	spip	4980354
TP63	varconv	4980353
TP63	vcf2parsed	4980358
TP63	vep	4980355
TPM1	branchpoint	4980366
TPM1	clinrep	4980372
TPM1	filter	4980369
TPM1	merge	4980367
TPM1	plot	4980370
TPM1	report	4980371
TPM1	spip	4980364
TPM1	varconv	4980363
TPM1	vcf2parsed	4980368
TPM1	vep	4980365
TRIM63	branchpoint	4980376
TRIM63	clinrep	4980382
TRIM63	filter	4980379
TRIM63	merge	4980377
TRIM63	plot	4980380
TRIM63	report	4980381
TRIM63	spip	4980374
TRIM63	varconv	4980373
TRIM63	vcf2parsed	4980378
TRIM63	vep	4980375
TRPM4	branchpoint	4980386
TRPM4	clinrep	4980392
TRPM4	filter	4980389
TRPM4	merge	4980387
TRPM4	plot	4980390
TRPM4	report	4980391
TRPM4	spip	4980384
TRPM4	varconv	4980383
TRPM4	vcf2parsed	4980388
TRPM4	vep	4980385
TSFM	branchpoint	4980396
TSFM	clinrep	4980402
TSFM	filter	4980399
TSFM	merge	4980397
TSFM	plot	4980400
TSFM	report	4980401
TSFM	spip	4980394
TSFM	varconv	4980393
TSFM	vcf2parsed	4980398
TSFM	vep	4980395
TTR	branchpoint	4980406
TTR	clinrep	4980412
TTR	filter	4980409
TTR	merge	4980407
TTR	plot	4980410
TTR	report	4980411
TTR	spip	4980404
TTR	varconv	4980403
TTR	vcf2parsed	4980408
TTR	vep	4980405
TUFM	branchpoint	4980416
TUFM	clinrep	4980422
TUFM	filter	4980419
TUFM	merge	4980417
TUFM	plot	4980420
TUFM	report	4980421
TUFM	spip	4980414
TUFM	varconv	4980413
TUFM	vcf2parsed	4980418
TUFM	vep	4980415
VARS2	branchpoint	4980426
VARS2	clinrep	4980432
VARS2	filter	4980429
VARS2	merge	4980427
VARS2	plot	4980430
VARS2	report	4980431
VARS2	spip	4980424
VARS2	varconv	4980423
VARS2	vcf2parsed	4980428
VARS2	vep	4980425
VCL	branchpoint	4980436
VCL	clinrep	4980442
VCL	filter	4980439
VCL	merge	4980437
VCL	plot	4980440
VCL	report	4980441
VCL	spip	4980434
VCL	varconv	4980433
VCL	vcf2parsed	4980438
VCL	vep	4980435
XK	branchpoint	4980446
XK	clinrep	4980452
XK	filter	4980449
XK	merge	4980447
XK	plot	4980450
XK	report	4980451
XK	spip	4980444
XK	varconv	4980443
XK	vcf2parsed	4980448
XK	vep	4980445
